HMTL_DATE,INDEX,TICKER,BUY TRADE,SELL TRADE,PREV. CLOSE,TREND
8/1/2023,BITCOIN (BEARISH) Bitcoin Spot Price,BITCOIN,28703.0,29561,28867,BEARISH
8/2/2023,BITCOIN (BEARISH) Bitcoin Spot Price,BITCOIN,28864.0,29701,29548,BEARISH
8/3/2023,BITCOIN (BEARISH) Bitcoin Spot Price,BITCOIN,28861.0,29698,29099,BEARISH
8/4/2023,BITCOIN (BEARISH) Bitcoin Spot Price,BITCOIN,28812.0,29626,29125,BEARISH
8/7/2023,BITCOIN (BEARISH) Bitcoin Spot Price,BITCOIN,28705.0,29612,29042,BEARISH
8/8/2023,BITCOIN (BEARISH) Bitcoin Spot Price,BITCOIN,28708.0,29599,29294,BEARISH
8/9/2023,BITCOIN (NEUTRAL) Bitcoin Spot Price,BITCOIN,28705.0,29990,29790,NEUTRAL
8/10/2023,BITCOIN (NEUTRAL) Bitcoin Spot Price,BITCOIN,28745.0,29913,29885,NEUTRAL
8/11/2023,BITCOIN (NEUTRAL) Bitcoin Spot Price,BITCOIN,28806.0,29877,29424,NEUTRAL
8/14/2023,BITCOIN (NEUTRAL) Bitcoin Spot Price,BITCOIN,28967.0,29785,29366,NEUTRAL
8/15/2023,BITCOIN (NEUTRAL) Bitcoin Spot Price,BITCOIN,28985.0,29830,29349,NEUTRAL
8/16/2023,BITCOIN (NEUTRAL) Bitcoin Spot Price,BITCOIN,28917.0,29801,29119,NEUTRAL
8/17/2023,BITCOIN (NEUTRAL) Bitcoin Spot Price,BITCOIN,28401.0,29802,28517,NEUTRAL
8/18/2023,BITCOIN (BEARISH) Bitcoin Spot Price,BITCOIN,26102.0,28753,26466,BEARISH
8/21/2023,BITCOIN (BEARISH) Bitcoin Spot Price,BITCOIN,24437.0,28316,25978,BEARISH
8/22/2023,BITCOIN (BEARISH) Bitcoin Spot Price,BITCOIN,24317.0,28230,26029,BEARISH
8/23/2023,BITCOIN (BEARISH) Bitcoin Spot Price,BITCOIN,24305.0,27991,25938,BEARISH
8/24/2023,BITCOIN (BEARISH) Bitcoin Spot Price,BITCOIN,24875.0,27993,26511,BEARISH
8/25/2023,BITCOIN (BEARISH) Bitcoin Spot Price,BITCOIN,25109.0,27880,26080,BEARISH
8/28/2023,BITCOIN (BEARISH) Bitcoin Spot Price,BITCOIN,25602.0,26997,26061,BEARISH
8/29/2023,BITCOIN (BEARISH) Bitcoin Spot Price,BITCOIN,25483.0,26735,25960,BEARISH
8/30/2023,BITCOIN (BEARISH) Bitcoin Spot Price,BITCOIN,25204.0,28108,27344,BEARISH
8/31/2023,BITCOIN (BEARISH) Bitcoin Spot Price,BITCOIN,25221.0,27912,27300,BEARISH
9/1/2023,BITCOIN (BEARISH) Bitcoin Spot Price,BITCOIN,25031.0,27597,26075,BEARISH
9/5/2023,BITCOIN (BEARISH) Bitcoin Spot Price,BITCOIN,24805.0,26993,25749,BEARISH
9/6/2023,BITCOIN (BEARISH) Bitcoin Spot Price,BITCOIN,24605.0,26915,25740,BEARISH
9/7/2023,BITCOIN (BEARISH) Bitcoin Spot Price,BITCOIN,24916.0,26945,25682,BEARISH
9/8/2023,BITCOIN (BEARISH) Bitcoin Spot Price,BITCOIN,24991.0,26523,25836,BEARISH
9/11/2023,BITCOIN (BEARISH) Bitcoin Spot Price,BITCOIN,25012.0,26403,25607,BEARISH
9/12/2023,BITCOIN (BEARISH) Bitcoin Spot Price,BITCOIN,25222.0,26565,26066,BEARISH
9/13/2023,BITCOIN (BEARISH) Bitcoin Spot Price,BITCOIN,25205.0,26591,26171,BEARISH
9/14/2023,BITCOIN (BEARISH) Bitcoin Spot Price,BITCOIN,25104.0,26610,26376,BEARISH
9/15/2023,BITCOIN (BEARISH) Bitcoin Spot Price,BITCOIN,25107.0,26969,26487,BEARISH
9/18/2023,BITCOIN (BEARISH) Bitcoin Spot Price,BITCOIN,25167.0,27201,27159,BEARISH
9/19/2023,BITCOIN (BEARISH) Bitcoin Spot Price,BITCOIN,25218.0,27551,27143,BEARISH
9/20/2023,BITCOIN (BEARISH) Bitcoin Spot Price,BITCOIN,25202.0,27391,27095,BEARISH
9/21/2023,BITCOIN (BEARISH) Bitcoin Spot Price,BITCOIN,25552.0,27301,26719,BEARISH
9/22/2023,BITCOIN (BEARISH) Bitcoin Spot Price,BITCOIN,25903.0,27372,26645,BEARISH
9/25/2023,BITCOIN (BEARISH) Bitcoin Spot Price,BITCOIN,25201.0,27299,26057,BEARISH
9/26/2023,BITCOIN (BEARISH) Bitcoin Spot Price,BITCOIN,25609.0,27283,26240,BEARISH
9/27/2023,BITCOIN (BEARISH) Bitcoin Spot Price,BITCOIN,25704.0,27261,26615,BEARISH
9/28/2023,BITCOIN (BEARISH) Bitcoin Spot Price,BITCOIN,25861.0,27112,26471,BEARISH
9/29/2023,BITCOIN (BEARISH) Bitcoin Spot Price,BITCOIN,25859.0,27237,27015,BEARISH
10/2/2023,BITCOIN (NEUTRAL) Bitcoin Spot Price,BITCOIN,25405.0,28577,28339,NEUTRAL
10/3/2023,BITCOIN (NEUTRAL) Bitcoin Spot Price,BITCOIN,25708.0,28175,27519,NEUTRAL
10/4/2023,BITCOIN (NEUTRAL) Bitcoin Spot Price,BITCOIN,26007.0,28290,27570,NEUTRAL
10/5/2023,BITCOIN (NEUTRAL) Bitcoin Spot Price,BITCOIN,26107.0,28305,27724,NEUTRAL
10/6/2023,BITCOIN (NEUTRAL) Bitcoin Spot Price,BITCOIN,26358.0,28252,27661,NEUTRAL
10/9/2023,BITCOIN (NEUTRAL) Bitcoin Spot Price,BITCOIN,26995.0,28212,27436,NEUTRAL
10/10/2023,BITCOIN (NEUTRAL) Bitcoin Spot Price,BITCOIN,27108.0,28207,27581,NEUTRAL
10/11/2023,BITCOIN (BEARISH) Bitcoin Spot Price,BITCOIN,26894.0,28172,27239,BEARISH
10/12/2023,BITCOIN (BEARISH) Bitcoin Spot Price,BITCOIN,26508.0,28012,26757,BEARISH
10/13/2023,BITCOIN (BEARISH) Bitcoin Spot Price,BITCOIN,26421.0,28001,26830,BEARISH
10/16/2023,BITCOIN (NEUTRAL) Bitcoin Spot Price,BITCOIN,26320.0,28046,27736,NEUTRAL
10/17/2023,BITCOIN (NEUTRAL) Bitcoin Spot Price,BITCOIN,26075.0,28784,28473,NEUTRAL
10/18/2023,BITCOIN (NEUTRAL) Bitcoin Spot Price,BITCOIN,26040.0,28894,28384,NEUTRAL
10/19/2023,BITCOIN (NEUTRAL) Bitcoin Spot Price,BITCOIN,26061.0,29115,28508,NEUTRAL
10/20/2023,BITCOIN (NEUTRAL) Bitcoin Spot Price,BITCOIN,26004.0,29985,29959,NEUTRAL
10/23/2023,BITCOIN (BULLISH) Bitcoin Spot Price,BITCOIN,27037.0,31137,30665,BULLISH
10/24/2023,BITCOIN (BULLISH) Bitcoin Spot Price,BITCOIN,28736.0,34590,34621,BULLISH
10/25/2023,BITCOIN (BULLISH) Bitcoin Spot Price,BITCOIN,29103.0,35301,34270,BULLISH
10/26/2023,BITCOIN (BULLISH) Bitcoin Spot Price,BITCOIN,29512.0,36220,34108,BULLISH
10/27/2023,BITCOIN (BULLISH) Bitcoin Spot Price,BITCOIN,29821.0,36563,34034,BULLISH
10/30/2023,BITCOIN (BULLISH) Bitcoin Spot Price,BITCOIN,30706.0,36377,34588,BULLISH
10/31/2023,BITCOIN (BULLISH) Bitcoin Spot Price,BITCOIN,31222.0,35204,34480,BULLISH
11/1/2023,BITCOIN (BULLISH) Bitcoin Spot Price,BITCOIN,31434.0,35001,34413,BULLISH
11/2/2023,BITCOIN (BULLISH) Bitcoin Spot Price,BITCOIN,32970.0,35765,35389,BULLISH
11/3/2023,BITCOIN (BULLISH) Bitcoin Spot Price,BITCOIN,32897.0,35494,34181,BULLISH
11/6/2023,BITCOIN (BULLISH) Bitcoin Spot Price,BITCOIN,34008.0,35709,35195,BULLISH
11/7/2023,BITCOIN (BULLISH) Bitcoin Spot Price,BITCOIN,34015.0,35546,34730,BULLISH
11/8/2023,BITCOIN (BULLISH) Bitcoin Spot Price,BITCOIN,34118.0,35718,35362,BULLISH
11/9/2023,BITCOIN (BULLISH) Bitcoin Spot Price,BITCOIN,34119.0,37193,36895,BULLISH
11/10/2023,BITCOIN (BULLISH) Bitcoin Spot Price,BITCOIN,34007.0,37169,36985,BULLISH
11/13/2023,BITCOIN (BULLISH) Bitcoin Spot Price,BITCOIN,34406.0,38083,36856,BULLISH
11/14/2023,BITCOIN (BULLISH) Bitcoin Spot Price,BITCOIN,34299.0,37927,36264,BULLISH
11/15/2023,BITCOIN (BULLISH) Bitcoin Spot Price,BITCOIN,34992.0,37971,36334,BULLISH
11/16/2023,BITCOIN (BULLISH) Bitcoin Spot Price,BITCOIN,35206.0,38492,37228,BULLISH
11/17/2023,BITCOIN (BULLISH) Bitcoin Spot Price,BITCOIN,35210.0,38493,36424,BULLISH
11/20/2023,BITCOIN (BULLISH) Bitcoin Spot Price,BITCOIN,35416.0,38204,37141,BULLISH
11/21/2023,BITCOIN (BULLISH) Bitcoin Spot Price,BITCOIN,35390.0,38352,37160,BULLISH
11/22/2023,BITCOIN (BULLISH) Bitcoin Spot Price,BITCOIN,35370.0,38263,36498,BULLISH
11/24/2023,BITCOIN (BULLISH) Bitcoin Spot Price,BITCOIN,35450.0,38338,37811,BULLISH
11/27/2023,BITCOIN (BULLISH) Bitcoin Spot Price,BITCOIN,36105.0,38523,36958,BULLISH
11/28/2023,BITCOIN (BULLISH) Bitcoin Spot Price,BITCOIN,36120.0,38491,37174,BULLISH
11/29/2023,BITCOIN (BULLISH) Bitcoin Spot Price,BITCOIN,36321.0,38967,38227,BULLISH
11/30/2023,BITCOIN (BULLISH) Bitcoin Spot Price,BITCOIN,36617.0,38258,37881,BULLISH
12/1/2023,BITCOIN (BULLISH) Bitcoin Spot Price,BITCOIN,36999.0,38881,38511,BULLISH
12/4/2023,BITCOIN (BULLISH) Bitcoin Spot Price,BITCOIN,37345.0,42166,41582,BULLISH
12/5/2023,BITCOIN (BULLISH) Bitcoin Spot Price,BITCOIN,37691.0,42590,41816,BULLISH
12/6/2023,BITCOIN (BULLISH) Bitcoin Spot Price,BITCOIN,38603.0,45223,43995,BULLISH
12/7/2023,BITCOIN (BULLISH) Bitcoin Spot Price,BITCOIN,38626.0,45572,43263,BULLISH
12/8/2023,BITCOIN (BULLISH) Bitcoin Spot Price,BITCOIN,38954.0,45913,43676,BULLISH
12/11/2023,BITCOIN (BULLISH) Bitcoin Spot Price,BITCOIN,40146.0,45605,42213,BULLISH
12/12/2023,BITCOIN (BULLISH) Bitcoin Spot Price,BITCOIN,40692.0,45303,41869,BULLISH
12/13/2023,BITCOIN (BULLISH) Bitcoin Spot Price,BITCOIN,40374.0,45528,41207,BULLISH
12/14/2023,BITCOIN (BULLISH) Bitcoin Spot Price,BITCOIN,41067.0,45029,43156,BULLISH
12/15/2023,BITCOIN (BULLISH) Bitcoin Spot Price,BITCOIN,41028.0,44993,42747,BULLISH
12/18/2023,BITCOIN (BULLISH) Bitcoin Spot Price,BITCOIN,40111.0,43975,41037,BULLISH
12/19/2023,BITCOIN (BULLISH) Bitcoin Spot Price,BITCOIN,40938.0,43987,42871,BULLISH
12/20/2023,BITCOIN (BULLISH) Bitcoin Spot Price,BITCOIN,41105.0,43656,42982,BULLISH
12/21/2023,BITCOIN (BULLISH) Bitcoin Spot Price,BITCOIN,41285.0,44251,44117,BULLISH
12/22/2023,BITCOIN (BULLISH) Bitcoin Spot Price,BITCOIN,41409.0,44603,43618,BULLISH
12/26/2023,BITCOIN (BULLISH) Bitcoin Spot Price,BITCOIN,41588.0,44575,42664,BULLISH
12/27/2023,BITCOIN (BULLISH) Bitcoin Spot Price,BITCOIN,41906.0,44597,43000,BULLISH
12/28/2023,BITCOIN (BULLISH) Bitcoin Spot Price,BITCOIN,42102.0,44448,42817,BULLISH
12/29/2023,BITCOIN (BULLISH) Bitcoin Spot Price,BITCOIN,42120.0,44456,42809,BULLISH
1/2/2024,BITCOIN (BULLISH) Bitcoin Spot Price,BITCOIN,42480.0,45913,45339,BULLISH
1/3/2024,BITCOIN (BULLISH) Bitcoin Spot Price,BITCOIN,42639.0,45696,42813,BULLISH
1/4/2024,BITCOIN (BULLISH) Bitcoin Spot Price,BITCOIN,41257.0,45001,43417,BULLISH
1/5/2024,BITCOIN (BULLISH) Bitcoin Spot Price,BITCOIN,41313.0,45335,43917,BULLISH
1/8/2024,BITCOIN (BULLISH) Bitcoin Spot Price,BITCOIN,42109.0,45375,44955,BULLISH
1/9/2024,BITCOIN (BULLISH) Bitcoin Spot Price,BITCOIN,43408.0,47209,46759,BULLISH
1/10/2024,BITCOIN (BULLISH) Bitcoin Spot Price,BITCOIN,42450.0,47149,45004,BULLISH
1/11/2024,BITCOIN (BULLISH) Bitcoin Spot Price,BITCOIN,42799.0,47905,47229,BULLISH
1/12/2024,BITCOIN (BULLISH) Bitcoin Spot Price,BITCOIN,43001.0,47790,45642,BULLISH
1/16/2024,BITCOIN (BULLISH) Bitcoin Spot Price,BITCOIN,40243.0,47011,43036,BULLISH
1/17/2024,BITCOIN (NEUTRAL) Bitcoin Spot Price,BITCOIN,40108.0,45864,42674,NEUTRAL
1/18/2024,BITCOIN (NEUTRAL) Bitcoin Spot Price,BITCOIN,40217.0,45805,42414,NEUTRAL
1/19/2024,BITCOIN (NEUTRAL) Bitcoin Spot Price,BITCOIN,39662.0,45113,41233,NEUTRAL
1/22/2024,BITCOIN (BEARISH) Bitcoin Spot Price,BITCOIN,40125.0,42758,40846,BEARISH
1/23/2024,BITCOIN (BEARISH) Bitcoin Spot Price,BITCOIN,37951.0,42307,38826,BEARISH
1/24/2024,BITCOIN (BEARISH) Bitcoin Spot Price,BITCOIN,38907.0,42314,40145,BEARISH
1/25/2024,BITCOIN (BEARISH) Bitcoin Spot Price,BITCOIN,38659.0,42198,39856,BEARISH
1/26/2024,BITCOIN (BEARISH) Bitcoin Spot Price,BITCOIN,38909.0,42501,41374,BEARISH
1/29/2024,BITCOIN (NEUTRAL) Bitcoin Spot Price,BITCOIN,38784.0,43175,42077,NEUTRAL
1/30/2024,BITCOIN (BULLISH) Bitcoin Spot Price,BITCOIN,38586.0,44411,43284,BULLISH
1/31/2024,BITCOIN (BULLISH) Bitcoin Spot Price,BITCOIN,39001.0,44104,42650,BULLISH
2/1/2024,BITCOIN (BEARISH) Bitcoin Spot Price,BITCOIN,39163.0,43908,42153,BEARISH
2/2/2024,BITCOIN (NEUTRAL) Bitcoin Spot Price,BITCOIN,40258.0,44317,43142,NEUTRAL
2/5/2024,BITCOIN (BULLISH) Bitcoin Spot Price,BITCOIN,41002.0,43990,43176,BULLISH
2/6/2024,BITCOIN (BULLISH) Bitcoin Spot Price,BITCOIN,41894.0,43634,42696,BULLISH
2/7/2024,BITCOIN (BULLISH) Bitcoin Spot Price,BITCOIN,42004.0,43668,42963,BULLISH
2/8/2024,BITCOIN (BULLISH) Bitcoin Spot Price,BITCOIN,42008.0,45003,44703,BULLISH
2/9/2024,BITCOIN (BULLISH) Bitcoin Spot Price,BITCOIN,43115.0,48118,47336,BULLISH
2/12/2024,BITCOIN (BULLISH) Bitcoin Spot Price,BITCOIN,44101.0,49998,47886,BULLISH
2/13/2024,BITCOIN (BULLISH) Bitcoin Spot Price,BITCOIN,44661.0,51858,49950,BULLISH
2/14/2024,BITCOIN (BULLISH) Bitcoin Spot Price,BITCOIN,44217.0,52833,51592,BULLISH
2/15/2024,BITCOIN (BULLISH) Bitcoin Spot Price,BITCOIN,45606.0,53807,52270,BULLISH
2/16/2024,BITCOIN (BULLISH) Bitcoin Spot Price,BITCOIN,46094.0,53904,52353,BULLISH
2/20/2024,BITCOIN (BULLISH) Bitcoin Spot Price,BITCOIN,49016.0,53446,52319,BULLISH
2/21/2024,BITCOIN (BULLISH) Bitcoin Spot Price,BITCOIN,49908.0,53212,51336,BULLISH
2/22/2024,BITCOIN (BULLISH) Bitcoin Spot Price,BITCOIN,50163.0,52938,51478,BULLISH
2/23/2024,BITCOIN (BULLISH) Bitcoin Spot Price,BITCOIN,50119.0,52775,50974,BULLISH
2/26/2024,BITCOIN (BULLISH) Bitcoin Spot Price,BITCOIN,50504.0,52716,51173,BULLISH
2/27/2024,BITCOIN (BULLISH) Bitcoin Spot Price,BITCOIN,50738.0,58375,57425,BULLISH
2/28/2024,BITCOIN (BULLISH) Bitcoin Spot Price,BITCOIN,52234.0,60775,59435,BULLISH
2/29/2024,BITCOIN (BULLISH) Bitcoin Spot Price,BITCOIN,53908.0,64144,62582,BULLISH
3/1/2024,BITCOIN (BULLISH) Bitcoin Spot Price,BITCOIN,53186.0,65228,62504,BULLISH
3/4/2024,BITCOIN (BULLISH) Bitcoin Spot Price,BITCOIN,54552.0,68370,65126,BULLISH
3/5/2024,BITCOIN (BULLISH) Bitcoin Spot Price,BITCOIN,55586.0,70245,67240,BULLISH
3/6/2024,BITCOIN (BULLISH) Bitcoin Spot Price,BITCOIN,56907.0,69504,66970,BULLISH
3/7/2024,BITCOIN (BULLISH) Bitcoin Spot Price,BITCOIN,58908.0,68995,66922,BULLISH
3/8/2024,BITCOIN (BULLISH) Bitcoin Spot Price,BITCOIN,59695.0,69694,67566,BULLISH
3/11/2024,BITCOIN (BULLISH) Bitcoin Spot Price,BITCOIN,63398.0,72499,71829,BULLISH
3/12/2024,BITCOIN (BULLISH) Bitcoin Spot Price,BITCOIN,63496.0,73347,72257,BULLISH
3/13/2024,BITCOIN (BULLISH) Bitcoin Spot Price,BITCOIN,64092.0,74647,73273,BULLISH
3/14/2024,BITCOIN (BULLISH) Bitcoin Spot Price,BITCOIN,64980.0,74920,72778,BULLISH
3/15/2024,BITCOIN (BULLISH) Bitcoin Spot Price,BITCOIN,65003.0,74001,67403,BULLISH
3/18/2024,BITCOIN (BULLISH) Bitcoin Spot Price,BITCOIN,65009.0,74535,68240,BULLISH
3/19/2024,BITCOIN (BULLISH) Bitcoin Spot Price,BITCOIN,62777.0,75101,62974,BULLISH
3/20/2024,BITCOIN (BULLISH) Bitcoin Spot Price,BITCOIN,60502.0,75356,63431,BULLISH
3/21/2024,BITCOIN (BULLISH) Bitcoin Spot Price,BITCOIN,61901.0,74258,67067,BULLISH
3/22/2024,BITCOIN (BULLISH) Bitcoin Spot Price,BITCOIN,61193.0,72816,64723,BULLISH
3/25/2024,BITCOIN (BULLISH) Bitcoin Spot Price,BITCOIN,61501.0,70903,66848,BULLISH
3/26/2024,BITCOIN (BULLISH) Bitcoin Spot Price,BITCOIN,61002.0,72132,70647,BULLISH
3/27/2024,BITCOIN (BULLISH) Bitcoin Spot Price,BITCOIN,60906.0,72550,70218,BULLISH
3/28/2024,BITCOIN (BULLISH) Bitcoin Spot Price,BITCOIN,62705.0,72953,70620,BULLISH
4/1/2024,BITCOIN (BULLISH) Bitcoin Spot Price,BITCOIN,66203.0,71991,69536,BULLISH
4/2/2024,BITCOIN (BULLISH) Bitcoin Spot Price,BITCOIN,65935.0,72551,65475,BULLISH
4/3/2024,BITCOIN (BULLISH) Bitcoin Spot Price,BITCOIN,65917.0,72561,65930,BULLISH
4/4/2024,BITCOIN (BULLISH) Bitcoin Spot Price,BITCOIN,64687.0,72952,66415,BULLISH
4/5/2024,BITCOIN (BULLISH) Bitcoin Spot Price,BITCOIN,64503.0,72709,66630,BULLISH
4/8/2024,BITCOIN (BULLISH) Bitcoin Spot Price,BITCOIN,65112.0,73169,72283,BULLISH
4/9/2024,BITCOIN (BULLISH) Bitcoin Spot Price,BITCOIN,64996.0,72494,70676,BULLISH
4/10/2024,BITCOIN (BULLISH) Bitcoin Spot Price,BITCOIN,64900.0,72004,68960,BULLISH
4/11/2024,BITCOIN (BULLISH) Bitcoin Spot Price,BITCOIN,65914.0,72475,70274,BULLISH
4/12/2024,BITCOIN (BULLISH) Bitcoin Spot Price,BITCOIN,67007.0,71998,70809,BULLISH
4/15/2024,BITCOIN (BULLISH) Bitcoin Spot Price,BITCOIN,63504.0,71601,66431,BULLISH
4/16/2024,BITCOIN (BULLISH) Bitcoin Spot Price,BITCOIN,60730.0,71613,62679,BULLISH
4/17/2024,BITCOIN (BULLISH) Bitcoin Spot Price,BITCOIN,60527.0,68715,63057,BULLISH
4/18/2024,BITCOIN (NEUTRAL) Bitcoin Spot Price,BITCOIN,58912.0,67251,62075,NEUTRAL
4/19/2024,BITCOIN (NEUTRAL) Bitcoin Spot Price,BITCOIN,60001.0,69697,64844,NEUTRAL
4/22/2024,BITCOIN (BULLISH) Bitcoin Spot Price,BITCOIN,61318.0,66993,65942,BULLISH
4/23/2024,BITCOIN (BULLISH) Bitcoin Spot Price,BITCOIN,61105.0,67534,66074,BULLISH
4/24/2024,BITCOIN (BULLISH) Bitcoin Spot Price,BITCOIN,61308.0,68041,66570,BULLISH
4/25/2024,BITCOIN (BULLISH) Bitcoin Spot Price,BITCOIN,61258.0,66991,63707,BULLISH
4/26/2024,BITCOIN (BULLISH) Bitcoin Spot Price,BITCOIN,62007.0,67195,64103,BULLISH
4/29/2024,BITCOIN (BULLISH) Bitcoin Spot Price,BITCOIN,61057.0,66162,62315,BULLISH
4/30/2024,BITCOIN (NEUTRAL) Bitcoin Spot Price,BITCOIN,61144.0,65050,61194,NEUTRAL
5/1/2024,BITCOIN (BEARISH) Bitcoin Spot Price,BITCOIN,56071.0,64395,57500,BEARISH
5/2/2024,BITCOIN (BEARISH) Bitcoin Spot Price,BITCOIN,56302.0,63990,58520,BEARISH
5/3/2024,BITCOIN (BEARISH) Bitcoin Spot Price,BITCOIN,56994.0,64709,59123,BEARISH
5/6/2024,BITCOIN (BULLISH) Bitcoin Spot Price,BITCOIN,57704.0,66971,63921,BULLISH
5/7/2024,BITCOIN (BULLISH) Bitcoin Spot Price,BITCOIN,57900.0,66663,63544,BULLISH
5/8/2024,BITCOIN (BULLISH) Bitcoin Spot Price,BITCOIN,57927.0,65775,63364,BULLISH
5/9/2024,BITCOIN (BEARISH) Bitcoin Spot Price,BITCOIN,57801.0,63944,60944,BEARISH
5/10/2024,BITCOIN (BULLISH) Bitcoin Spot Price,BITCOIN,59166.0,65445,63015,BULLISH
5/13/2024,BITCOIN (BULLISH) Bitcoin Spot Price,BITCOIN,59947.0,64571,62641,BULLISH
5/14/2024,BITCOIN (NEUTRAL) Bitcoin Spot Price,BITCOIN,60008.0,63956,61754,NEUTRAL
5/15/2024,BITCOIN (NEUTRAL) Bitcoin Spot Price,BITCOIN,60105.0,63706,62298,NEUTRAL
5/16/2024,BITCOIN (BULLISH) Bitcoin Spot Price,BITCOIN,58721.0,66864,66190,BULLISH
5/17/2024,BITCOIN (BULLISH) Bitcoin Spot Price,BITCOIN,58990.0,67479,66297,BULLISH
5/20/2024,BITCOIN (BULLISH) Bitcoin Spot Price,BITCOIN,60667.0,69463,67144,BULLISH
5/21/2024,BITCOIN (BULLISH) Bitcoin Spot Price,BITCOIN,61408.0,72707,71297,BULLISH
5/22/2024,BITCOIN (BULLISH) Bitcoin Spot Price,BITCOIN,62899.0,72890,70041,BULLISH
5/23/2024,BITCOIN (BULLISH) Bitcoin Spot Price,BITCOIN,63774.0,72092,69902,BULLISH
5/24/2024,BITCOIN (BULLISH) Bitcoin Spot Price,BITCOIN,64004.0,71799,67406,BULLISH
5/28/2024,BITCOIN (BULLISH) Bitcoin Spot Price,BITCOIN,66558.0,71337,68375,BULLISH
5/29/2024,BITCOIN (BULLISH) Bitcoin Spot Price,BITCOIN,66595.0,70292,67809,BULLISH
5/30/2024,BITCOIN (BULLISH) Bitcoin Spot Price,BITCOIN,66631.0,70116,67887,BULLISH
5/31/2024,BITCOIN (BULLISH) Bitcoin Spot Price,BITCOIN,66775.0,69993,68304,BULLISH
6/3/2024,BITCOIN (BULLISH) Bitcoin Spot Price,BITCOIN,66810.0,69999,69090,BULLISH
6/4/2024,BITCOIN (BULLISH) Bitcoin Spot Price,BITCOIN,66890.0,69990,68947,BULLISH
6/5/2024,BITCOIN (BULLISH) Bitcoin Spot Price,BITCOIN,67554.0,71778,70948,BULLISH
6/6/2024,BITCOIN (BULLISH) Bitcoin Spot Price,BITCOIN,67500.0,71916,71061,BULLISH
6/7/2024,BITCOIN (BULLISH) Bitcoin Spot Price,BITCOIN,67502.0,72333,71507,BULLISH
6/10/2024,BITCOIN (BULLISH) Bitcoin Spot Price,BITCOIN,67555.0,71709,69420,BULLISH
6/11/2024,BITCOIN (BULLISH) Bitcoin Spot Price,BITCOIN,67005.0,71768,67865,BULLISH
6/12/2024,BITCOIN (BULLISH) Bitcoin Spot Price,BITCOIN,66905.0,72001,67840,BULLISH
6/13/2024,BITCOIN (BULLISH) Bitcoin Spot Price,BITCOIN,66256.0,71803,67869,BULLISH
6/14/2024,BITCOIN (BULLISH) Bitcoin Spot Price,BITCOIN,66005.0,71295,66986,BULLISH
6/17/2024,BITCOIN (BULLISH) Bitcoin Spot Price,BITCOIN,64704.0,70158,65824,BULLISH
6/18/2024,BITCOIN (BULLISH) Bitcoin Spot Price,BITCOIN,64602.0,69373,65179,BULLISH
6/20/2024,BITCOIN (BULLISH) Bitcoin Spot Price,BITCOIN,64319.0,69091,66230,BULLISH
6/21/2024,BITCOIN (NEUTRAL) Bitcoin Spot Price,BITCOIN,63662.0,67513,63944,NEUTRAL
6/24/2024,BITCOIN (BEARISH) Bitcoin Spot Price,BITCOIN,60081.0,66062,61037,BEARISH
6/25/2024,BITCOIN (BEARISH) Bitcoin Spot Price,BITCOIN,60108.0,65069,61174,BEARISH
6/26/2024,BITCOIN (BEARISH) Bitcoin Spot Price,BITCOIN,59876.0,64990,61323,BEARISH
6/27/2024,BITCOIN (BEARISH) Bitcoin Spot Price,BITCOIN,59316.0,64884,61220,BEARISH
6/28/2024,BITCOIN (BEARISH) Bitcoin Spot Price,BITCOIN,59318.0,64842,61631,BEARISH
7/1/2024,BITCOIN (BEARISH) Bitcoin Spot Price,BITCOIN,59543.0,64215,62517,BEARISH
7/2/2024,BITCOIN (BEARISH) Bitcoin Spot Price,BITCOIN,59614.0,63677,62697,BEARISH
7/3/2024,BITCOIN (BEARISH) Bitcoin Spot Price,BITCOIN,59666.0,63296,60131,BEARISH
7/5/2024,BITCOIN (BEARISH) Bitcoin Spot Price,BITCOIN,52552.0,61923,55198,BEARISH
7/8/2024,BITCOIN (BEARISH) Bitcoin Spot Price,BITCOIN,54106.0,61757,57122,BEARISH
7/9/2024,BITCOIN (BEARISH) Bitcoin Spot Price,BITCOIN,53806.0,61309,57444,BEARISH
7/10/2024,BITCOIN (BEARISH) Bitcoin Spot Price,BITCOIN,54408.0,61207,58521,BEARISH
7/11/2024,BITCOIN (BEARISH) Bitcoin Spot Price,BITCOIN,55205.0,60100,58704,BEARISH
7/12/2024,BITCOIN (BEARISH) Bitcoin Spot Price,BITCOIN,55707.0,59612,57233,BEARISH
7/15/2024,BITCOIN (BEARISH) Bitcoin Spot Price,BITCOIN,55101.0,62106,58214,BEARISH
7/16/2024,BITCOIN (BULLISH) Bitcoin Spot Price,BITCOIN,55923.0,64921,63660,BULLISH
7/17/2024,BITCOIN (BULLISH) Bitcoin Spot Price,BITCOIN,55998.0,67307,64698,BULLISH
7/18/2024,BITCOIN (BULLISH) Bitcoin Spot Price,BITCOIN,57001.0,67904,64751,BULLISH
7/19/2024,BITCOIN (BULLISH) Bitcoin Spot Price,BITCOIN,57004.0,67642,63974,BULLISH
7/22/2024,BITCOIN (BULLISH) Bitcoin Spot Price,BITCOIN,61003.0,69625,67449,BULLISH
7/23/2024,BITCOIN (BULLISH) Bitcoin Spot Price,BITCOIN,63002.0,69078,66666,BULLISH
7/24/2024,BITCOIN (BULLISH) Bitcoin Spot Price,BITCOIN,63221.0,68998,66409,BULLISH
7/25/2024,BITCOIN (BULLISH) Bitcoin Spot Price,BITCOIN,62675.0,68201,64231,BULLISH
7/26/2024,BITCOIN (BULLISH) Bitcoin Spot Price,BITCOIN,63852.0,69001,67240,BULLISH
7/29/2024,BITCOIN (BULLISH) Bitcoin Spot Price,BITCOIN,64944.0,70196,69713,BULLISH
7/30/2024,BITCOIN (BULLISH) Bitcoin Spot Price,BITCOIN,64795.0,68993,66657,BULLISH
7/31/2024,BITCOIN (BULLISH) Bitcoin Spot Price,BITCOIN,64702.0,68791,66014,BULLISH
8/1/2024,BITCOIN (BULLISH) Bitcoin Spot Price,BITCOIN,63610.0,69001,64603,BULLISH
8/2/2024,BITCOIN (BULLISH) Bitcoin Spot Price,BITCOIN,63469.0,68301,64669,BULLISH
8/5/2024,BITCOIN (BEARISH) Bitcoin Spot Price,BITCOIN,51069.0,63005,51397,BEARISH
8/6/2024,BITCOIN (BEARISH) Bitcoin Spot Price,BITCOIN,52151.0,61338,55304,BEARISH
8/7/2024,BITCOIN (BEARISH) Bitcoin Spot Price,BITCOIN,52116.0,62276,57081,BEARISH
8/8/2024,BITCOIN (BEARISH) Bitcoin Spot Price,BITCOIN,51321.0,61702,57365,BEARISH
8/9/2024,BITCOIN (BEARISH) Bitcoin Spot Price,BITCOIN,52113.0,63009,60602,BEARISH
8/12/2024,BITCOIN (BEARISH) Bitcoin Spot Price,BITCOIN,53002.0,61459,59997,BEARISH
8/13/2024,BITCOIN (BEARISH) Bitcoin Spot Price,BITCOIN,53212.0,61348,58872,BEARISH
8/14/2024,BITCOIN (BEARISH) Bitcoin Spot Price,BITCOIN,54009.0,62713,61371,BEARISH
8/15/2024,BITCOIN (BEARISH) Bitcoin Spot Price,BITCOIN,54667.0,62517,58755,BEARISH
8/16/2024,BITCOIN (BEARISH) Bitcoin Spot Price,BITCOIN,55004.0,62350,58397,BEARISH
8/19/2024,BITCOIN (BEARISH) Bitcoin Spot Price,BITCOIN,56223.0,60668,58078,BEARISH
8/20/2024,BITCOIN (BEARISH) Bitcoin Spot Price,BITCOIN,57316.0,62002,60524,BEARISH
8/21/2024,BITCOIN (BEARISH) Bitcoin Spot Price,BITCOIN,57416.0,60718,59348,BEARISH
8/22/2024,BITCOIN (BEARISH) Bitcoin Spot Price,BITCOIN,57002.0,61663,61366,BEARISH
8/23/2024,BITCOIN (BEARISH) Bitcoin Spot Price,BITCOIN,57091.0,62073,60767,BEARISH
8/26/2024,BITCOIN (BULLISH) Bitcoin Spot Price,BITCOIN,57137.0,66297,63911,BULLISH
8/27/2024,BITCOIN (BULLISH) Bitcoin Spot Price,BITCOIN,58163.0,65903,62420,BULLISH
8/28/2024,BITCOIN (BEARISH) Bitcoin Spot Price,BITCOIN,57505.0,64299,60095,BEARISH
8/29/2024,BITCOIN (BEARISH) Bitcoin Spot Price,BITCOIN,57502.0,64013,59970,BEARISH
8/30/2024,BITCOIN (BEARISH) Bitcoin Spot Price,BITCOIN,57008.0,63990,59403,BEARISH
9/3/2024,BITCOIN (BEARISH) Bitcoin Spot Price,BITCOIN,58921.0,61638,59073,BEARISH
9/4/2024,BITCOIN (BEARISH) Bitcoin Spot Price,BITCOIN,56145.0,59973,56585,BEARISH
9/5/2024,BITCOIN (BEARISH) Bitcoin Spot Price,BITCOIN,56117.0,59840,56709,BEARISH
9/6/2024,BITCOIN (BEARISH) Bitcoin Spot Price,BITCOIN,55003.0,59443,55986,BEARISH
9/9/2024,BITCOIN (BEARISH) Bitcoin Spot Price,BITCOIN,52745.0,58399,55287,BEARISH
9/10/2024,BITCOIN (BEARISH) Bitcoin Spot Price,BITCOIN,53002.0,59103,57261,BEARISH
9/11/2024,BITCOIN (BEARISH) Bitcoin Spot Price,BITCOIN,53103.0,59001,57261,BEARISH
9/12/2024,BITCOIN (BEARISH) Bitcoin Spot Price,BITCOIN,53150.0,59501,57975,BEARISH
9/13/2024,BITCOIN (BEARISH) Bitcoin Spot Price,BITCOIN,53117.0,59700,58076,BEARISH
9/16/2024,BITCOIN (BEARISH) Bitcoin Spot Price,BITCOIN,54901.0,60496,58675,BEARISH
9/17/2024,BITCOIN (BEARISH) Bitcoin Spot Price,BITCOIN,55298.0,60814,59090,BEARISH
9/18/2024,BITCOIN (BEARISH) Bitcoin Spot Price,BITCOIN,56115.0,61500,59907,BEARISH
9/19/2024,BITCOIN (BULLISH) Bitcoin Spot Price,BITCOIN,56661.0,63133,62524,BULLISH
9/20/2024,BITCOIN (BULLISH) Bitcoin Spot Price,BITCOIN,56993.0,64240,63440,BULLISH
9/23/2024,BITCOIN (BULLISH) Bitcoin Spot Price,BITCOIN,57998.0,65808,63506,BULLISH
9/24/2024,BITCOIN (BULLISH) Bitcoin Spot Price,BITCOIN,58792.0,65807,63505,BULLISH
9/25/2024,BITCOIN (BULLISH) Bitcoin Spot Price,BITCOIN,60006.0,65312,63751,BULLISH
9/26/2024,BITCOIN (BULLISH) Bitcoin Spot Price,BITCOIN,61011.0,65021,64418,BULLISH
9/27/2024,BITCOIN (BULLISH) Bitcoin Spot Price,BITCOIN,61400.0,65987,65501,BULLISH
9/30/2024,BITCOIN (BULLISH) Bitcoin Spot Price,BITCOIN,62154.0,66599,63629,BULLISH
10/1/2024,BITCOIN (BULLISH) Bitcoin Spot Price,BITCOIN,62216.0,66734,63785,BULLISH
10/2/2024,BITCOIN (NEUTRAL) Bitcoin Spot Price,BITCOIN,60161.0,65900,61293,NEUTRAL
10/3/2024,BITCOIN (BEARISH) Bitcoin Spot Price,BITCOIN,59109.0,64445,60815,BEARISH
10/4/2024,BITCOIN (NEUTRAL) Bitcoin Spot Price,BITCOIN,58883.0,65901,61298,NEUTRAL
10/7/2024,BITCOIN (BULLISH) Bitcoin Spot Price,BITCOIN,59359.0,65392,63126,BULLISH
10/8/2024,BITCOIN (BULLISH) Bitcoin Spot Price,BITCOIN,60008.0,63914,63126,BULLISH
10/9/2024,BITCOIN (BULLISH) Bitcoin Spot Price,BITCOIN,60102.0,64109,63126,BULLISH
10/10/2024,BITCOIN (BULLISH) Bitcoin Spot Price,BITCOIN,59902.0,63288,61177,BULLISH
10/11/2024,BITCOIN (BEARISH) Bitcoin Spot Price,BITCOIN,59800.0,63456,61210,BEARISH
10/14/2024,BITCOIN (BULLISH) Bitcoin Spot Price,BITCOIN,60301.0,65119,64889,BULLISH
10/15/2024,BITCOIN (BULLISH) Bitcoin Spot Price,BITCOIN,60302.0,66608,63126,BULLISH
10/16/2024,BITCOIN (BULLISH) Bitcoin Spot Price,BITCOIN,61904.0,68776,67961,BULLISH
10/17/2024,BITCOIN (BULLISH) Bitcoin Spot Price,BITCOIN,62002.0,69729,66836,BULLISH
10/18/2024,BITCOIN (BULLISH) Bitcoin Spot Price,BITCOIN,62306.0,70301,67773,BULLISH
10/21/2024,BITCOIN (BULLISH) Bitcoin Spot Price,BITCOIN,63922.0,70846,68194,BULLISH
10/22/2024,BITCOIN (BULLISH) Bitcoin Spot Price,BITCOIN,64009.0,69396,67297,BULLISH
10/23/2024,BITCOIN (BULLISH) Bitcoin Spot Price,BITCOIN,64901.0,69255,66410,BULLISH
10/24/2024,BITCOIN (BULLISH) Bitcoin Spot Price,BITCOIN,65059.0,69348,67242,BULLISH
10/25/2024,BITCOIN (BULLISH) Bitcoin Spot Price,BITCOIN,66009.0,69359,67953,BULLISH
10/28/2024,BITCOIN (BULLISH) Bitcoin Spot Price,BITCOIN,66003.0,69234,68606,BULLISH
10/30/2024,BITCOIN (BULLISH) Bitcoin Spot Price,BITCOIN,66797.0,73392,72121,BULLISH
10/31/2024,BITCOIN (BULLISH) Bitcoin Spot Price,BITCOIN,67190.0,74222,72250,BULLISH
11/1/2024,BITCOIN (BULLISH) Bitcoin Spot Price,BITCOIN,67213.0,73644,70128,BULLISH
11/4/2024,BITCOIN (BULLISH) Bitcoin Spot Price,BITCOIN,66819.0,73002,68871,BULLISH
11/5/2024,BITCOIN (BULLISH) Bitcoin Spot Price,BITCOIN,66721.0,73037,68821,BULLISH
11/6/2024,BITCOIN (BULLISH) Bitcoin Spot Price,BITCOIN,68070.0,74933,74344,BULLISH
11/7/2024,BITCOIN (BULLISH) Bitcoin Spot Price,BITCOIN,68667.0,76202,75010,BULLISH
11/8/2024,BITCOIN (BULLISH) Bitcoin Spot Price,BITCOIN,69298.0,77987,76118,BULLISH
11/11/2024,BITCOIN (BULLISH) Bitcoin Spot Price,BITCOIN,71497.0,84575,82369,BULLISH
11/12/2024,BITCOIN (BULLISH) Bitcoin Spot Price,BITCOIN,73980.0,90961,86155,BULLISH
11/13/2024,BITCOIN (BULLISH) Bitcoin Spot Price,BITCOIN,74163.0,92951,86912,BULLISH
11/14/2024,BITCOIN (BULLISH) Bitcoin Spot Price,BITCOIN,75596.0,95623,90414,BULLISH
11/15/2024,BITCOIN (BULLISH) Bitcoin Spot Price,BITCOIN,76312.0,95454,87286,BULLISH
11/18/2024,BITCOIN (BULLISH) Bitcoin Spot Price,BITCOIN,81106.0,95447,89804,BULLISH
11/19/2024,BITCOIN (BULLISH) Bitcoin Spot Price,BITCOIN,83998.0,93592,90501,BULLISH
11/20/2024,BITCOIN (BULLISH) Bitcoin Spot Price,BITCOIN,86936.0,95023,92281,BULLISH
11/21/2024,BITCOIN (BULLISH) Bitcoin Spot Price,BITCOIN,87301.0,99766,94246,BULLISH
11/22/2024,BITCOIN (BULLISH) Bitcoin Spot Price,BITCOIN,85316.0,99790,98400,BULLISH
11/25/2024,BITCOIN (BULLISH) Bitcoin Spot Price,BITCOIN,88915.0,102376,97965,BULLISH
11/26/2024,BITCOIN (BULLISH) Bitcoin Spot Price,BITCOIN,89101.0,101336,93139,BULLISH
11/27/2024,BITCOIN (BULLISH) Bitcoin Spot Price,BITCOIN,89333.0,101202,93079,BULLISH
11/29/2024,BITCOIN (BULLISH) Bitcoin Spot Price,BITCOIN,90696.0,101205,95656,BULLISH
12/2/2024,BITCOIN (BULLISH) Bitcoin Spot Price,BITCOIN,91174.0,99633,97270,BULLISH
12/3/2024,BITCOIN (BULLISH) Bitcoin Spot Price,BITCOIN,91648.0,98991,94973,BULLISH
12/4/2024,BITCOIN (BULLISH) Bitcoin Spot Price,BITCOIN,92180.0,99112,95993,BULLISH
12/5/2024,BITCOIN (BULLISH) Bitcoin Spot Price,BITCOIN,94164.0,104490,102763,BULLISH
12/6/2024,BITCOIN (BULLISH) Bitcoin Spot Price,BITCOIN,94846.0,99168,97053,BULLISH
12/9/2024,BITCOIN (BULLISH) Bitcoin Spot Price,BITCOIN,94718.0,101889,98501,BULLISH
12/10/2024,BITCOIN (BULLISH) Bitcoin Spot Price,BITCOIN,94546.0,101911,97233,BULLISH
12/11/2024,BITCOIN (BULLISH) Bitcoin Spot Price,BITCOIN,94998.0,101812,98271,BULLISH
12/12/2024,BITCOIN (BULLISH) Bitcoin Spot Price,BITCOIN,95716.0,102691,100874,BULLISH
12/13/2024,BITCOIN (BULLISH) Bitcoin Spot Price,BITCOIN,95903.0,102675,100175,BULLISH
12/16/2024,BITCOIN (BULLISH) Bitcoin Spot Price,BITCOIN,96860.0,105994,103822,BULLISH
12/17/2024,BITCOIN (BULLISH) Bitcoin Spot Price,BITCOIN,97985.0,108614,106955,BULLISH
12/18/2024,BITCOIN (BULLISH) Bitcoin Spot Price,BITCOIN,98098.0,108346,105019,BULLISH
12/19/2024,BITCOIN (BULLISH) Bitcoin Spot Price,BITCOIN,98226.0,107669,102036,BULLISH
12/20/2024,BITCOIN (BULLISH) Bitcoin Spot Price,BITCOIN,93715.0,108613,93892,BULLISH
12/23/2024,BITCOIN (BULLISH) Bitcoin Spot Price,BITCOIN,91924.0,108342,96069,BULLISH
12/24/2024,BITCOIN (BULLISH) Bitcoin Spot Price,BITCOIN,91102.0,107556,94240,BULLISH
12/26/2024,BITCOIN (BULLISH) Bitcoin Spot Price,BITCOIN,93006.0,102183,95664,BULLISH
12/27/2024,BITCOIN (BULLISH) Bitcoin Spot Price,BITCOIN,93588.0,101874,96432,BULLISH
12/30/2024,BITCOIN (BULLISH) Bitcoin Spot Price,BITCOIN,91584.0,99906,93736,BULLISH
12/31/2024,BITCOIN (BULLISH) Bitcoin Spot Price,BITCOIN,91142.0,99670,95724,BULLISH
1/2/2025,BITCOIN (BULLISH) Bitcoin Spot Price,BITCOIN,91249.0,99100,96761,BULLISH
1/3/2025,BITCOIN (BULLISH) Bitcoin Spot Price,BITCOIN,91773.0,98004,96543,BULLISH
1/6/2025,BITCOIN (BULLISH) Bitcoin Spot Price,BITCOIN,91600.0,101114,99157,BULLISH
1/7/2025,BITCOIN (BULLISH) Bitcoin Spot Price,BITCOIN,92601.0,103862,100702,BULLISH
1/8/2025,BITCOIN (BULLISH) Bitcoin Spot Price,BITCOIN,92154.0,102134,95015,BULLISH
1/10/2025,BITCOIN (BULLISH) Bitcoin Spot Price,BITCOIN,91936.0,102365,94991,BULLISH
1/13/2025,BITCOIN (BULLISH) Bitcoin Spot Price,BITCOIN,90153.0,101355,90677,BULLISH
1/14/2025,BITCOIN (BULLISH) Bitcoin Spot Price,BITCOIN,90456.0,101006,96179,BULLISH
1/15/2025,BITCOIN (BULLISH) Bitcoin Spot Price,BITCOIN,91111.0,98916,96898,BULLISH
1/16/2025,BITCOIN (BULLISH) Bitcoin Spot Price,BITCOIN,91119.0,100901,99393,BULLISH
1/17/2025,BITCOIN (BULLISH) Bitcoin Spot Price,BITCOIN,91333.0,102991,102725,BULLISH
1/21/2025,BITCOIN (BULLISH) Bitcoin Spot Price,BITCOIN,94613.0,107511,104410,BULLISH
1/22/2025,BITCOIN (BULLISH) Bitcoin Spot Price,BITCOIN,96661.0,108001,105362,BULLISH
1/23/2025,BITCOIN (BULLISH) Bitcoin Spot Price,BITCOIN,98002.0,106920,101794,BULLISH
1/24/2025,BITCOIN (BULLISH) Bitcoin Spot Price,BITCOIN,99102.0,107998,105415,BULLISH
1/27/2025,BITCOIN (BULLISH) Bitcoin Spot Price,BITCOIN,97824.0,107401,100059,BULLISH
1/28/2025,BITCOIN (BULLISH) Bitcoin Spot Price,BITCOIN,100801.0,106391,102602,BULLISH
1/29/2025,BITCOIN (BULLISH) Bitcoin Spot Price,BITCOIN,100507.0,106868,102317,BULLISH
1/30/2025,BITCOIN (BULLISH) Bitcoin Spot Price,BITCOIN,101102.0,106997,105012,BULLISH
1/31/2025,BITCOIN (BULLISH) Bitcoin Spot Price,BITCOIN,101116.0,106712,104655,BULLISH
2/3/2025,BITCOIN (BULLISH) Bitcoin Spot Price,BITCOIN,95016.0,106731,95132,BULLISH
2/4/2025,BITCOIN (BULLISH) Bitcoin Spot Price,BITCOIN,96202.0,105701,99290,BULLISH
2/5/2025,BITCOIN (BULLISH) Bitcoin Spot Price,BITCOIN,95311.0,105718,98328,BULLISH
2/6/2025,BITCOIN (BULLISH) Bitcoin Spot Price,BITCOIN,95007.0,105651,98621,BULLISH
2/7/2025,BITCOIN (BULLISH) Bitcoin Spot Price,BITCOIN,94009.0,104999,97901,BULLISH
2/10/2025,BITCOIN (BULLISH) Bitcoin Spot Price,BITCOIN,94579.0,100919,97277,BULLISH
2/11/2025,BITCOIN (BULLISH) Bitcoin Spot Price,BITCOIN,94402.0,100708,97851,BULLISH
2/12/2025,BITCOIN (BEARISH) Bitcoin Spot Price,BITCOIN,94498.0,98831,96166,BEARISH
2/13/2025,BITCOIN (BEARISH) Bitcoin Spot Price,BITCOIN,94339.0,97998,96096,BEARISH
2/14/2025,BITCOIN (BEARISH) Bitcoin Spot Price,BITCOIN,94601.0,97997,96654,BEARISH
2/18/2025,BITCOIN (BEARISH) Bitcoin Spot Price,BITCOIN,94808.0,98397,96215,BEARISH
2/19/2025,BITCOIN (NEUTRAL) Bitcoin Spot Price,BITCOIN,94559.0,98720,96257,NEUTRAL
2/20/2025,BITCOIN (BULLISH) Bitcoin Spot Price,BITCOIN,95297.0,98655,97419,BULLISH
2/21/2025,BITCOIN (BULLISH) Bitcoin Spot Price,BITCOIN,95108.0,99233,98956,BULLISH
2/24/2025,BITCOIN (NEUTRAL) Bitcoin Spot Price,BITCOIN,94517.0,97996,95898,NEUTRAL
2/25/2025,BITCOIN (BEARISH) Bitcoin Spot Price,BITCOIN,87918.0,96682,89084,BEARISH
2/26/2025,BITCOIN (BEARISH) Bitcoin Spot Price,BITCOIN,87152.0,95444,88177,BEARISH
2/27/2025,BITCOIN (BEARISH) Bitcoin Spot Price,BITCOIN,82202.0,93761,86289,BEARISH
2/28/2025,BITCOIN (BEARISH) Bitcoin Spot Price,BITCOIN,78161.0,93661,80186,BEARISH
3/3/2025,BITCOIN (BEARISH) Bitcoin Spot Price,BITCOIN,80615.0,97708,93018,BEARISH
3/4/2025,BITCOIN (BEARISH) Bitcoin Spot Price,BITCOIN,80009.0,92533,83801,BEARISH
3/5/2025,BITCOIN (BEARISH) Bitcoin Spot Price,BITCOIN,81008.0,93412,90402,BEARISH
3/6/2025,BITCOIN (BEARISH) Bitcoin Spot Price,BITCOIN,80012.0,93968,90210,BEARISH
3/7/2025,BITCOIN (BEARISH) Bitcoin Spot Price,BITCOIN,81804.0,93814,88860,BEARISH
3/10/2025,BITCOIN (BEARISH) Bitcoin Spot Price,BITCOIN,79301.0,90098,82798,BEARISH
3/11/2025,BITCOIN (BEARISH) Bitcoin Spot Price,BITCOIN,77410.0,82398,81745,BEARISH
3/12/2025,BITCOIN (BEARISH) Bitcoin Spot Price,BITCOIN,77217.0,88911,82800,BEARISH
3/13/2025,BITCOIN (BEARISH) Bitcoin Spot Price,BITCOIN,77119.0,88685,82835,BEARISH
3/14/2025,BITCOIN (BEARISH) Bitcoin Spot Price,BITCOIN,77000.0,88001,83195,BEARISH
3/17/2025,BITCOIN (BEARISH) Bitcoin Spot Price,BITCOIN,78501.0,85992,83562,BEARISH
3/18/2025,BITCOIN (BEARISH) Bitcoin Spot Price,BITCOIN,78701.0,86281,82664,BEARISH
3/19/2025,BITCOIN (BEARISH) Bitcoin Spot Price,BITCOIN,80301.0,85998,83822,BEARISH
3/20/2025,BITCOIN (BEARISH) Bitcoin Spot Price,BITCOIN,80314.0,87322,85480,BEARISH
3/21/2025,BITCOIN (BEARISH) Bitcoin Spot Price,BITCOIN,80075.0,86796,83975,BEARISH
3/24/2025,BITCOIN (NEUTRAL) Bitcoin Spot Price,BITCOIN,81509.0,87998,87742,NEUTRAL
3/25/2025,BITCOIN (NEUTRAL) Bitcoin Spot Price,BITCOIN,81648.0,88592,87460,NEUTRAL
3/26/2025,BITCOIN (NEUTRAL) Bitcoin Spot Price,BITCOIN,81788.0,89334,88044,NEUTRAL
3/27/2025,BITCOIN (NEUTRAL) Bitcoin Spot Price,BITCOIN,82866.0,89143,86923,NEUTRAL
3/28/2025,BITCOIN (BEARISH) Bitcoin Spot Price,BITCOIN,82196.0,88859,85175,BEARISH
3/31/2025,BITCOIN (BEARISH) Bitcoin Spot Price,BITCOIN,80091.0,87501,83825,BEARISH
4/1/2025,BITCOIN (BEARISH) Bitcoin Spot Price,BITCOIN,80602.0,87500,82558,BEARISH
4/2/2025,BITCOIN (BEARISH) Bitcoin Spot Price,BITCOIN,80116.0,87498,85200,BEARISH
4/3/2025,BITCOIN (BEARISH) Bitcoin Spot Price,BITCOIN,80339.0,87401,82415,BEARISH
4/4/2025,BITCOIN (BEARISH) Bitcoin Spot Price,BITCOIN,80538.0,86963,82237,BEARISH
4/7/2025,BITCOIN (BEARISH) Bitcoin Spot Price,BITCOIN,74575.0,83951,76683,BEARISH
4/8/2025,BITCOIN (BEARISH) Bitcoin Spot Price,BITCOIN,77009.0,83894,78252,BEARISH
4/9/2025,BITCOIN (BEARISH) Bitcoin Spot Price,BITCOIN,74804.0,83109,76276,BEARISH
4/10/2025,BITCOIN (BEARISH) Bitcoin Spot Price,BITCOIN,76203.0,83499,82571,BEARISH
4/11/2025,BITCOIN (BEARISH) Bitcoin Spot Price,BITCOIN,75801.0,84199,79589,BEARISH
4/14/2025,BITCOIN (BEARISH) Bitcoin Spot Price,BITCOIN,75503.0,87405,83696,BEARISH
4/15/2025,BITCOIN (BEARISH) Bitcoin Spot Price,BITCOIN,76002.0,87318,84618,BEARISH
4/16/2025,BITCOIN (BEARISH) Bitcoin Spot Price,BITCOIN,77006.0,85901,83670,BEARISH
4/17/2025,BITCOIN (BEARISH) Bitcoin Spot Price,BITCOIN,78348.0,87108,84501,BEARISH
4/21/2025,BITCOIN (BULLISH) Bitcoin Spot Price,BITCOIN,82228.0,88861,86915,BULLISH
4/22/2025,BITCOIN (BULLISH) Bitcoin Spot Price,BITCOIN,82724.0,89011,88034,BULLISH
4/23/2025,BITCOIN (BULLISH) Bitcoin Spot Price,BITCOIN,85417.0,94688,93401,BULLISH
4/24/2025,BITCOIN (BULLISH) Bitcoin Spot Price,BITCOIN,85978.0,95842,92944,BULLISH
4/25/2025,BITCOIN (BULLISH) Bitcoin Spot Price,BITCOIN,86625.0,97692,93296,BULLISH
4/28/2025,BITCOIN (BULLISH) Bitcoin Spot Price,BITCOIN,85717.0,99193,93966,BULLISH
4/29/2025,BITCOIN (BULLISH) Bitcoin Spot Price,BITCOIN,88302.0,97993,93885,BULLISH
4/30/2025,BITCOIN (BULLISH) Bitcoin Spot Price,BITCOIN,89215.0,96333,94848,BULLISH
5/1/2025,BITCOIN (BULLISH) Bitcoin Spot Price,BITCOIN,91331.0,96440,94089,BULLISH
5/2/2025,BITCOIN (BULLISH) Bitcoin Spot Price,BITCOIN,91918.0,97513,96886,BULLISH
5/5/2025,BITCOIN (BULLISH) Bitcoin Spot Price,BITCOIN,92180.0,97558,95599,BULLISH
5/6/2025,BITCOIN (BULLISH) Bitcoin Spot Price,BITCOIN,92900.0,97234,93890,BULLISH
5/7/2025,BITCOIN (BULLISH) Bitcoin Spot Price,BITCOIN,93104.0,98122,94567,BULLISH
5/8/2025,BITCOIN (BULLISH) Bitcoin Spot Price,BITCOIN,93007.0,99991,96899,BULLISH
5/9/2025,BITCOIN (BULLISH) Bitcoin Spot Price,BITCOIN,93532.0,103867,101286,BULLISH
5/12/2025,BITCOIN (BULLISH) Bitcoin Spot Price,BITCOIN,95883.0,108696,104095,BULLISH
5/13/2025,BITCOIN (BULLISH) Bitcoin Spot Price,BITCOIN,96187.0,108622,102529,BULLISH
5/14/2025,BITCOIN (BULLISH) Bitcoin Spot Price,BITCOIN,96902.0,108114,103604,BULLISH
5/15/2025,BITCOIN (BULLISH) Bitcoin Spot Price,BITCOIN,97176.0,107209,103455,BULLISH
5/16/2025,BITCOIN (BULLISH) Bitcoin Spot Price,BITCOIN,100451.0,105888,103231,BULLISH
5/19/2025,BITCOIN (BULLISH) Bitcoin Spot Price,BITCOIN,101006.0,105996,105486,BULLISH
5/20/2025,BITCOIN (BULLISH) Bitcoin Spot Price,BITCOIN,101991.0,107109,104862,BULLISH
5/21/2025,BITCOIN (BULLISH) Bitcoin Spot Price,BITCOIN,102003.0,107915,105388,BULLISH
5/22/2025,BITCOIN (BULLISH) Bitcoin Spot Price,BITCOIN,101226.0,111351,109141,BULLISH
5/23/2025,BITCOIN (BULLISH) Bitcoin Spot Price,BITCOIN,101991.0,113317,111218,BULLISH
5/27/2025,BITCOIN (BULLISH) Bitcoin Spot Price,BITCOIN,104494.0,112138,109600,BULLISH
5/28/2025,BITCOIN (BULLISH) Bitcoin Spot Price,BITCOIN,105617.0,111705,110134,BULLISH
5/29/2025,BITCOIN (BULLISH) Bitcoin Spot Price,BITCOIN,106413.0,111801,107183,BULLISH
5/30/2025,BITCOIN (BULLISH) Bitcoin Spot Price,BITCOIN,104001.0,111990,107030,BULLISH
6/2/2025,BITCOIN (BULLISH) Bitcoin Spot Price,BITCOIN,102541.0,111700,105582,BULLISH
6/3/2025,BITCOIN (BULLISH) Bitcoin Spot Price,BITCOIN,102709.0,111003,104482,BULLISH
6/4/2025,BITCOIN (BULLISH) Bitcoin Spot Price,BITCOIN,103007.0,109335,106664,BULLISH
6/5/2025,BITCOIN (BULLISH) Bitcoin Spot Price,BITCOIN,103176.0,108998,105402,BULLISH
6/6/2025,BITCOIN (BULLISH) Bitcoin Spot Price,BITCOIN,101806.0,107990,104139,BULLISH
6/9/2025,BITCOIN (BULLISH) Bitcoin Spot Price,BITCOIN,102137.0,108113,105480,BULLISH
6/10/2025,BITCOIN (BULLISH) Bitcoin Spot Price,BITCOIN,101601.0,111283,109316,BULLISH
6/11/2025,BITCOIN (BULLISH) Bitcoin Spot Price,BITCOIN,101605.0,112156,109051,BULLISH
6/12/2025,BITCOIN (BULLISH) Bitcoin Spot Price,BITCOIN,101612.0,112157,107718,BULLISH
6/13/2025,BITCOIN (BULLISH) Bitcoin Spot Price,BITCOIN,100991.0,111817,104134,BULLISH
6/16/2025,BITCOIN (BULLISH) Bitcoin Spot Price,BITCOIN,103401.0,111118,106513,BULLISH
6/17/2025,BITCOIN (BULLISH) Bitcoin Spot Price,BITCOIN,103482.0,111080,107137,BULLISH
6/18/2025,BITCOIN (BULLISH) Bitcoin Spot Price,BITCOIN,102903.0,111018,104245,BULLISH
6/20/2025,BITCOIN (BULLISH) Bitcoin Spot Price,BITCOIN,103901.0,108109,105986,BULLISH
6/23/2025,BITCOIN (BULLISH) Bitcoin Spot Price,BITCOIN,100109.0,107698,101825,BULLISH
6/24/2025,BITCOIN (BULLISH) Bitcoin Spot Price,BITCOIN,100672.0,107994,105131,BULLISH
6/25/2025,BITCOIN (BULLISH) Bitcoin Spot Price,BITCOIN,100880.0,107998,105480,BULLISH
6/26/2025,BITCOIN (BULLISH) Bitcoin Spot Price,BITCOIN,101406.0,108994,107079,BULLISH
6/27/2025,BITCOIN (BULLISH) Bitcoin Spot Price,BITCOIN,101192.0,109358,107321,BULLISH
6/30/2025,BITCOIN (BULLISH) Bitcoin Spot Price,BITCOIN,101662.0,110311,108296,BULLISH
7/1/2025,BITCOIN (BULLISH) Bitcoin Spot Price,BITCOIN,104990.0,108937,106978,BULLISH
7/2/2025,BITCOIN (BULLISH) Bitcoin Spot Price,BITCOIN,105001.0,109116,106719,BULLISH
7/3/2025,BITCOIN (BULLISH) Bitcoin Spot Price,BITCOIN,105313.0,110301,109359,BULLISH
7/7/2025,BITCOIN (BULLISH) Bitcoin Spot Price,BITCOIN,105002.0,110678,109065,BULLISH
7/8/2025,BITCOIN (BULLISH) Bitcoin Spot Price,BITCOIN,105998.0,110498,108221,BULLISH
7/9/2025,BITCOIN (BULLISH) Bitcoin Spot Price,BITCOIN,106105.0,110724,108790,BULLISH
7/10/2025,BITCOIN (BULLISH) Bitcoin Spot Price,BITCOIN,107931.0,111674,110868,BULLISH
7/11/2025,BITCOIN (BULLISH) Bitcoin Spot Price,BITCOIN,108788.0,120005,117795,BULLISH
7/14/2025,BITCOIN (BULLISH) Bitcoin Spot Price,BITCOIN,110919.0,125031,121782,BULLISH
7/15/2025,BITCOIN (BULLISH) Bitcoin Spot Price,BITCOIN,111004.0,124442,116821,BULLISH
7/16/2025,BITCOIN (BULLISH) Bitcoin Spot Price,BITCOIN,111932.0,123512,118850,BULLISH
7/17/2025,BITCOIN (BULLISH) Bitcoin Spot Price,BITCOIN,112113.0,122824,118663,BULLISH
7/18/2025,BITCOIN (BULLISH) Bitcoin Spot Price,BITCOIN,115900.0,121541,120608,BULLISH
7/21/2025,BITCOIN (BULLISH) Bitcoin Spot Price,BITCOIN,116909.0,121101,118397,BULLISH
7/22/2025,BITCOIN (BULLISH) Bitcoin Spot Price,BITCOIN,116117.0,120204,117286,BULLISH
7/23/2025,BITCOIN (BULLISH) Bitcoin Spot Price,BITCOIN,116037.0,120098,118689,BULLISH
7/24/2025,BITCOIN (BULLISH) Bitcoin Spot Price,BITCOIN,116612.0,120218,118101,BULLISH
7/25/2025,BITCOIN (BULLISH) Bitcoin Spot Price,BITCOIN,114832.0,120467,116515,BULLISH
7/28/2025,BITCOIN (BULLISH) Bitcoin Spot Price,BITCOIN,116128.0,120416,118633,BULLISH
7/29/2025,BITCOIN (BULLISH) Bitcoin Spot Price,BITCOIN,116935.0,120297,118008,BULLISH
7/30/2025,BITCOIN (BULLISH) Bitcoin Spot Price,BITCOIN,116895.0,120127,117987,BULLISH
7/31/2025,BITCOIN (BULLISH) Bitcoin Spot Price,BITCOIN,117002.0,120002,118457,BULLISH
8/1/2025,BITCOIN (BULLISH) Bitcoin Spot Price,BITCOIN,115002.0,120137,115570,BULLISH
8/4/2025,BITCOIN (BULLISH) Bitcoin Spot Price,BITCOIN,111307.0,120788,114406,BULLISH
8/5/2025,BITCOIN (BULLISH) Bitcoin Spot Price,BITCOIN,112005.0,120002,114492,BULLISH
8/6/2025,BITCOIN (BULLISH) Bitcoin Spot Price,BITCOIN,112501.0,119512,114170,BULLISH
8/7/2025,BITCOIN (BULLISH) Bitcoin Spot Price,BITCOIN,111987.0,118938,114596,BULLISH
8/8/2025,BITCOIN (BULLISH) Bitcoin Spot Price,BITCOIN,112502.0,118459,116564,BULLISH
8/11/2025,BITCOIN (BULLISH) Bitcoin Spot Price,BITCOIN,113998.0,122691,120596,BULLISH
8/12/2025,BITCOIN (BULLISH) Bitcoin Spot Price,BITCOIN,113992.0,122001,118467,BULLISH
8/13/2025,BITCOIN (BULLISH) Bitcoin Spot Price,BITCOIN,115102.0,121641,119042,BULLISH
8/14/2025,BITCOIN (BULLISH) Bitcoin Spot Price,BITCOIN,117234.0,123992,122184,BULLISH
8/15/2025,BITCOIN (BULLISH) Bitcoin Spot Price,BITCOIN,115009.0,122994,119061,BULLISH
8/18/2025,BITCOIN (BULLISH) Bitcoin Spot Price,BITCOIN,114309.0,123400,115027,BULLISH
8/19/2025,BITCOIN (BULLISH) Bitcoin Spot Price,BITCOIN,113998.0,122807,115073,BULLISH
8/20/2025,BITCOIN (BULLISH) Bitcoin Spot Price,BITCOIN,112291.0,123308,113544,BULLISH
8/21/2025,BITCOIN (BULLISH) Bitcoin Spot Price,BITCOIN,112003.0,122853,113516,BULLISH
8/22/2025,BITCOIN (BULLISH) Bitcoin Spot Price,BITCOIN,111134.0,120998,113213,BULLISH
8/26/2025,BITCOIN (BEARISH) Bitcoin Spot Price,BITCOIN,108903.0,116901,109929,BEARISH
8/27/2025,BITCOIN (BEARISH) Bitcoin Spot Price,BITCOIN,109005.0,115127,111179,BEARISH
8/28/2025,BITCOIN (BEARISH) Bitcoin Spot Price,BITCOIN,109018.0,115105,113033,BEARISH
8/29/2025,BITCOIN (BEARISH) Bitcoin Spot Price,BITCOIN,107796.0,114623,110693,BEARISH
9/2/2025,BITCOIN (BEARISH) Bitcoin Spot Price,BITCOIN,107107.0,113418,110228,BEARISH
9/3/2025,BITCOIN (BEARISH) Bitcoin Spot Price,BITCOIN,107114.0,113112,111531,BEARISH
9/4/2025,BITCOIN (BEARISH) Bitcoin Spot Price,BITCOIN,107209.0,112998,110837,BEARISH
9/5/2025,BITCOIN (BULLISH) Bitcoin Spot Price,BITCOIN,107102.0,113678,112325,BULLISH
9/8/2025,BITCOIN (NEUTRAL) Bitcoin Spot Price,BITCOIN,108317.0,112995,111828,NEUTRAL
9/9/2025,BITCOIN (BULLISH) Bitcoin Spot Price,BITCOIN,108318.0,113368,112674,BULLISH
9/10/2025,BITCOIN (BULLISH) Bitcoin Spot Price,BITCOIN,109901.0,112996,112304,BULLISH
9/11/2025,BITCOIN (BULLISH) Bitcoin Spot Price,BITCOIN,109106.0,114466,114096,BULLISH
9/12/2025,BITCOIN (BULLISH) Bitcoin Spot Price,BITCOIN,108769.0,116185,114961,BULLISH
9/15/2025,BITCOIN (BULLISH) Bitcoin Spot Price,BITCOIN,110151.0,117938,115047,BULLISH
9/16/2025,BITCOIN (BULLISH) Bitcoin Spot Price,BITCOIN,111401.0,118008,115398,BULLISH
9/17/2025,BITCOIN (BULLISH) Bitcoin Spot Price,BITCOIN,112563.0,118577,116613,BULLISH
9/18/2025,BITCOIN (BULLISH) Bitcoin Spot Price,BITCOIN,112991.0,118402,117273,BULLISH
9/19/2025,BITCOIN (BULLISH) Bitcoin Spot Price,BITCOIN,114003.0,117899,116436,BULLISH
9/22/2025,BITCOIN (BULLISH) Bitcoin Spot Price,BITCOIN,112020.0,118125,112914,BULLISH
9/23/2025,BITCOIN (BULLISH) Bitcoin Spot Price,BITCOIN,112131.0,118534,112969,BULLISH
9/24/2025,BITCOIN (BULLISH) Bitcoin Spot Price,BITCOIN,111225.0,118608,113085,BULLISH
9/25/2025,BITCOIN (BULLISH) Bitcoin Spot Price,BITCOIN,110702.0,118333,111500,BULLISH
9/26/2025,BITCOIN (BEARISH) Bitcoin Spot Price,BITCOIN,107991.0,113561,109237,BEARISH
9/29/2025,BITCOIN (BEARISH) Bitcoin Spot Price,BITCOIN,108300.0,115395,112165,BEARISH
9/30/2025,BITCOIN (NEUTRAL) Bitcoin Spot Price,BITCOIN,108187.0,115303,112961,NEUTRAL
10/1/2025,BITCOIN (BULLISH) Bitcoin Spot Price,BITCOIN,109100.0,117201,116477,BULLISH
10/2/2025,BITCOIN (BULLISH) Bitcoin Spot Price,BITCOIN,110930.0,120283,118435,BULLISH
10/3/2025,BITCOIN (BULLISH) Bitcoin Spot Price,BITCOIN,113191.0,123100,120372,BULLISH
10/6/2025,BITCOIN (BULLISH) Bitcoin Spot Price,BITCOIN,116405.0,127704,123544,BULLISH
10/7/2025,BITCOIN (BULLISH) Bitcoin Spot Price,BITCOIN,117157.0,128264,124516,BULLISH
10/8/2025,BITCOIN (BULLISH) Bitcoin Spot Price,BITCOIN,117333.0,127210,121464,BULLISH
10/9/2025,BITCOIN (BULLISH) Bitcoin Spot Price,BITCOIN,118113.0,125666,122709,BULLISH
10/10/2025,BITCOIN (BULLISH) Bitcoin Spot Price,BITCOIN,120007.0,125101,121518,BULLISH
10/13/2025,BITCOIN (NEUTRAL) Bitcoin Spot Price,BITCOIN,108399.0,124701,114518,NEUTRAL
10/14/2025,BITCOIN (BEARISH) Bitcoin Spot Price,BITCOIN,107209.0,119647,111586,BEARISH
10/15/2025,BITCOIN (BEARISH) Bitcoin Spot Price,BITCOIN,107107.0,116966,112131,BEARISH
10/16/2025,BITCOIN (BEARISH) Bitcoin Spot Price,BITCOIN,106003.0,115944,111160,BEARISH
10/17/2025,BITCOIN (BEARISH) Bitcoin Spot Price,BITCOIN,102444.0,112718,106233,BEARISH
10/20/2025,BITCOIN (BEARISH) Bitcoin Spot Price,BITCOIN,104471.0,113903,110854,BEARISH
10/21/2025,BITCOIN (BEARISH) Bitcoin Spot Price,BITCOIN,104008.0,113186,108459,BEARISH
10/22/2025,BITCOIN (BEARISH) Bitcoin Spot Price,BITCOIN,104902.0,112891,107965,BEARISH
10/23/2025,BITCOIN (BEARISH) Bitcoin Spot Price,BITCOIN,105183.0,112509,109504,BEARISH
10/24/2025,BITCOIN (BEARISH) Bitcoin Spot Price,BITCOIN,105122.0,113002,111020,BEARISH
10/27/2025,BITCOIN (BULLISH) Bitcoin Spot Price,BITCOIN,106501.0,115909,115306,BULLISH
10/28/2025,BITCOIN (BULLISH) Bitcoin Spot Price,BITCOIN,110398.0,116453,114576,BULLISH
10/29/2025,BITCOIN (BULLISH) Bitcoin Spot Price,BITCOIN,110408.0,116195,113234,BULLISH
10/30/2025,BITCOIN (BEARISH) Bitcoin Spot Price,BITCOIN,106533.0,113099,109997,BEARISH
10/31/2025,BITCOIN (BEARISH) Bitcoin Spot Price,BITCOIN,107404.0,112988,109541,BEARISH
11/3/2025,BITCOIN (BEARISH) Bitcoin Spot Price,BITCOIN,105901.0,111498,108015,BEARISH
11/4/2025,BITCOIN (BEARISH) Bitcoin Spot Price,BITCOIN,102610.0,109646,104059,BEARISH
11/5/2025,BITCOIN (BEARISH) Bitcoin Spot Price,BITCOIN,100050.0,107991,102400,BEARISH
11/6/2025,BITCOIN (BEARISH) Bitcoin Spot Price,BITCOIN,100306.0,109724,102880,BEARISH
11/7/2025,BITCOIN (BEARISH) Bitcoin Spot Price,BITCOIN,98008.0,108902,100072,BEARISH
11/10/2025,BITCOIN (BEARISH) Bitcoin Spot Price,BITCOIN,98998.0,109222,105989,BEARISH
11/11/2025,BITCOIN (BEARISH) Bitcoin Spot Price,BITCOIN,100109.0,107998,105003,BEARISH
11/12/2025,BITCOIN (BEARISH) Bitcoin Spot Price,BITCOIN,100239.0,107629,104860,BEARISH
11/13/2025,BITCOIN (BEARISH) Bitcoin Spot Price,BITCOIN,100361.0,106615,103209,BEARISH
11/14/2025,BITCOIN (BEARISH) Bitcoin Spot Price,BITCOIN,95170.0,105152,95236,BEARISH
11/17/2025,BITCOIN (BEARISH) Bitcoin Spot Price,BITCOIN,90617.0,99665,95456,BEARISH
11/18/2025,BITCOIN (BEARISH) Bitcoin Spot Price,BITCOIN,86831.0,97507,91244,BEARISH
11/19/2025,BITCOIN (BEARISH) Bitcoin Spot Price,BITCOIN,87901.0,97139,91449,BEARISH
11/20/2025,BITCOIN (BEARISH) Bitcoin Spot Price,BITCOIN,87664.0,95877,89947,BEARISH
11/21/2025,BITCOIN (BEARISH) Bitcoin Spot Price,BITCOIN,79998.0,94007,80935,BEARISH
11/24/2025,BITCOIN (BEARISH) Bitcoin Spot Price,BITCOIN,80726.0,89954,86157,BEARISH
11/25/2025,BITCOIN (BEARISH) Bitcoin Spot Price,BITCOIN,81544.0,93176,88336,BEARISH
11/26/2025,BITCOIN (BEARISH) Bitcoin Spot Price,BITCOIN,81994.0,92108,86665,BEARISH
11/28/2025,BITCOIN (BEARISH) Bitcoin Spot Price,BITCOIN,83102.0,92993,91642,BEARISH
12/1/2025,BITCOIN (BEARISH) Bitcoin Spot Price,BITCOIN,84495.0,91860,85723,BEARISH
12/2/2025,BITCOIN (BEARISH) Bitcoin Spot Price,BITCOIN,85011.0,92988,87455,BEARISH
12/3/2025,BITCOIN (NEUTRAL) Bitcoin Spot Price,BITCOIN,86006.0,95151,92820,NEUTRAL
12/4/2025,BITCOIN (NEUTRAL) Bitcoin Spot Price,BITCOIN,87029.0,94834,92903,NEUTRAL
12/5/2025,BITCOIN (NEUTRAL) Bitcoin Spot Price,BITCOIN,87206.0,94405,91227,NEUTRAL
12/8/2025,BITCOIN (NEUTRAL) Bitcoin Spot Price,BITCOIN,86768.0,94669,91801,NEUTRAL
12/9/2025,BITCOIN (NEUTRAL) Bitcoin Spot Price,BITCOIN,86447.0,94238,90606,NEUTRAL
12/10/2025,BITCOIN (NEUTRAL) Bitcoin Spot Price,BITCOIN,88008.0,94286,92030,NEUTRAL
12/11/2025,BITCOIN (NEUTRAL) Bitcoin Spot Price,BITCOIN,88103.0,93997,90068,NEUTRAL
12/12/2025,BITCOIN (NEUTRAL) Bitcoin Spot Price,BITCOIN,88502.0,93903,92374,NEUTRAL
12/15/2025,BITCOIN (NEUTRAL) Bitcoin Spot Price,BITCOIN,88008.0,93677,89697,NEUTRAL
12/16/2025,BITCOIN (BEARISH) Bitcoin Spot Price,BITCOIN,85238.0,93501,87217,BEARISH
12/17/2025,BITCOIN (BEARISH) Bitcoin Spot Price,BITCOIN,85002.0,91153,87111,BEARISH
12/18/2025,BITCOIN (BEARISH) Bitcoin Spot Price,BITCOIN,84711.0,91759,87330,BEARISH
12/19/2025,BITCOIN (BEARISH) Bitcoin Spot Price,BITCOIN,84178.0,91548,88216,BEARISH
12/22/2025,BITCOIN (NEUTRAL) Bitcoin Spot Price,BITCOIN,85226.0,91212,90294,NEUTRAL
12/23/2025,BITCOIN (BEARISH) Bitcoin Spot Price,BITCOIN,85213.0,90883,87716,BEARISH
12/24/2025,BITCOIN (BEARISH) Bitcoin Spot Price,BITCOIN,85494.0,89997,87337,BEARISH
12/26/2025,BITCOIN (NEUTRAL) Bitcoin Spot Price,BITCOIN,85661.0,90606,88664,NEUTRAL
12/29/2025,BITCOIN (NEUTRAL) Bitcoin Spot Price,BITCOIN,86012.0,90001,87302,NEUTRAL
12/30/2025,BITCOIN (NEUTRAL) Bitcoin Spot Price,BITCOIN,86201.0,88903,87937,NEUTRAL
12/31/2025,BITCOIN (NEUTRAL) Bitcoin Spot Price,BITCOIN,86713.0,89150,88863,NEUTRAL
1/2/2026,BITCOIN (NEUTRAL) Bitcoin Spot Price,BITCOIN,86609.0,90501,89383,NEUTRAL
1/5/2026,BITCOIN (NEUTRAL) Bitcoin Spot Price,BITCOIN,87501.0,93158,92851,NEUTRAL
1/6/2026,BITCOIN (NEUTRAL) Bitcoin Spot Price,BITCOIN,89102.0,94998,93857,NEUTRAL
1/7/2026,BITCOIN (NEUTRAL) Bitcoin Spot Price,BITCOIN,87422.0,94924,91947,NEUTRAL
1/8/2026,BITCOIN (NEUTRAL) Bitcoin Spot Price,BITCOIN,86991.0,94852,89804,NEUTRAL
1/9/2026,BITCOIN (NEUTRAL) Bitcoin Spot Price,BITCOIN,88104.0,94798,90346,NEUTRAL
1/12/2026,BITCOIN (NEUTRAL) Bitcoin Spot Price,BITCOIN,88790.0,94417,90682,NEUTRAL
1/13/2026,BITCOIN (NEUTRAL) Bitcoin Spot Price,BITCOIN,89314.0,94581,92005,NEUTRAL
1/14/2026,BITCOIN (BULLISH) Bitcoin Spot Price,BITCOIN,90913.0,96018,95005,BULLISH
1/15/2026,BITCOIN (BULLISH) Bitcoin Spot Price,BITCOIN,91416.0,98111,96847,BULLISH
1/16/2026,BITCOIN (BULLISH) Bitcoin Spot Price,BITCOIN,91609.0,98333,95385,BULLISH
1/20/2026,BITCOIN (NEUTRAL) Bitcoin Spot Price,BITCOIN,90108.0,96901,91158,NEUTRAL
1/21/2026,BITCOIN (BEARISH) Bitcoin Spot Price,BITCOIN,87564.0,94231,88545,BEARISH
1/22/2026,BITCOIN (BEARISH) Bitcoin Spot Price,BITCOIN,87101.0,94134,90001,BEARISH
1/23/2026,BITCOIN (BEARISH) Bitcoin Spot Price,BITCOIN,85539.0,92172,89132,BEARISH
1/26/2026,BITCOIN (BEARISH) Bitcoin Spot Price,BITCOIN,84901.0,91636,87868,BEARISH
1/27/2026,BITCOIN (BEARISH) Bitcoin Spot Price,BITCOIN,85107.0,90668,87957,BEARISH
1/28/2026,BITCOIN (BEARISH) Bitcoin Spot Price,BITCOIN,86112.0,90667,89736,BEARISH
1/29/2026,BITCOIN (BEARISH) Bitcoin Spot Price,BITCOIN,85856.0,90331,87844,BEARISH
1/30/2026,BITCOIN (BEARISH) Bitcoin Spot Price,BITCOIN,81993.0,89502,82654,BEARISH
2/2/2026,BITCOIN (BEARISH) Bitcoin Spot Price,BITCOIN,74409.0,84876,78035,BEARISH
2/3/2026,BITCOIN (BEARISH) Bitcoin Spot Price,BITCOIN,73408.0,84079,78275,BEARISH
2/4/2026,BITCOIN (BEARISH) Bitcoin Spot Price,BITCOIN,70197.0,81495,76039,BEARISH
2/5/2026,BITCOIN (BEARISH) Bitcoin Spot Price,BITCOIN,67154.0,79004,69583,BEARISH
2/6/2026,BITCOIN (BEARISH) Bitcoin Spot Price,BITCOIN,61065.0,75602,66154,BEARISH
2/9/2026,BITCOIN (BEARISH) Bitcoin Spot Price,BITCOIN,62507.0,72763,69096,BEARISH
2/10/2026,BITCOIN (BEARISH) Bitcoin Spot Price,BITCOIN,62503.0,72103,68640,BEARISH
2/11/2026,BITCOIN (BEARISH) Bitcoin Spot Price,BITCOIN,62522.0,69992,67203,BEARISH
2/12/2026,BITCOIN (BEARISH) Bitcoin Spot Price,BITCOIN,62801.0,69945,67895,BEARISH
2/13/2026,BITCOIN (BEARISH) Bitcoin Spot Price,BITCOIN,62799.0,71743,67049,BEARISH
2/17/2026,BITCOIN (BEARISH) Bitcoin Spot Price,BITCOIN,65224.0,70897,68222,BEARISH
2/18/2026,BITCOIN (BEARISH) Bitcoin Spot Price,BITCOIN,65184.0,70398,67425,BEARISH
2/19/2026,BITCOIN (BEARISH) Bitcoin Spot Price,BITCOIN,64303.0,70205,66654,BEARISH
2/20/2026,BITCOIN (BEARISH) Bitcoin Spot Price,BITCOIN,65006.0,70988,67440,BEARISH
2/23/2026,BITCOIN (BEARISH) Bitcoin Spot Price,BITCOIN,65078.0,69229,66163,BEARISH
2/24/2026,BITCOIN (BEARISH) Bitcoin Spot Price,BITCOIN,62403.0,68711,63353,BEARISH
2/25/2026,BITCOIN (BEARISH) Bitcoin Spot Price,BITCOIN,62735.0,69191,66090,BEARISH
2/26/2026,BITCOIN (BEARISH) Bitcoin Spot Price,BITCOIN,62965.0,69994,68211,BEARISH
2/27/2026,BITCOIN (BEARISH) Bitcoin Spot Price,BITCOIN,63093.0,69804,65976,BEARISH
3/2/2026,BITCOIN (BEARISH) Bitcoin Spot Price,BITCOIN,62937.0,68996,66127,BEARISH
3/5/2026,BITCOIN (BEARISH) Bitcoin Spot Price,BITCOIN,63513.0,73906,72950,BEARISH
3/6/2026,BITCOIN (BEARISH) Bitcoin Spot Price,BITCOIN,64226.0,73175,69711,BEARISH
3/9/2026,BITCOIN (BEARISH) Bitcoin Spot Price,BITCOIN,64005.0,72701,67619,BEARISH
3/10/2026,BITCOIN (BEARISH) Bitcoin Spot Price,BITCOIN,65002.0,73129,70668,BEARISH
3/11/2026,BITCOIN (BEARISH) Bitcoin Spot Price,BITCOIN,65148.0,72831,69455,BEARISH
3/13/2026,BITCOIN (BEARISH) Bitcoin Spot Price,BITCOIN,65553.0,73113,72321,BEARISH
3/16/2026,BITCOIN (BEARISH) Bitcoin Spot Price,BITCOIN,66323.0,74667,73608,BEARISH
3/17/2026,BITCOIN (BEARISH) Bitcoin Spot Price,BITCOIN,67105.0,75623,74116,BEARISH
3/18/2026,BITCOIN (BEARISH) Bitcoin Spot Price,BITCOIN,68431.0,75950,73061,BEARISH
3/19/2026,BITCOIN (BEARISH) Bitcoin Spot Price,BITCOIN,68007.0,74901,70078,BEARISH
3/20/2026,BITCOIN (BEARISH) Bitcoin Spot Price,BITCOIN,68311.0,74998,70682,BEARISH
3/23/2026,BITCOIN (BEARISH) Bitcoin Spot Price,BITCOIN,66105.0,74902,70601,BEARISH
3/24/2026,BITCOIN (BEARISH) Bitcoin Spot Price,BITCOIN,66624.0,75001,71246,BEARISH
3/25/2026,BITCOIN (BEARISH) Bitcoin Spot Price,BITCOIN,67008.0,73993,71832,BEARISH
3/26/2026,BITCOIN (BEARISH) Bitcoin Spot Price,BITCOIN,67113.0,72641,69375,BEARISH
3/27/2026,BITCOIN (BEARISH) Bitcoin Spot Price,BITCOIN,66990.0,72006,67890,BEARISH
3/30/2026,BITCOIN (BEARISH) Bitcoin Spot Price,BITCOIN,64332.0,71311,67448,BEARISH
3/31/2026,BITCOIN (BEARISH) Bitcoin Spot Price,BITCOIN,63903.0,71200,66039,BEARISH
4/1/2026,BITCOIN (BEARISH) Bitcoin Spot Price,BITCOIN,64412.0,71801,68499,BEARISH
4/2/2026,BITCOIN (BEARISH) Bitcoin Spot Price,BITCOIN,64241.0,69940,66395,BEARISH
4/6/2026,BITCOIN (BEARISH) Bitcoin Spot Price,BITCOIN,65315.0,70330,69761,BEARISH
4/7/2026,BITCOIN (BEARISH) Bitcoin Spot Price,BITCOIN,66104.0,69876,68079,BEARISH
4/8/2026,BITCOIN (BEARISH) Bitcoin Spot Price,BITCOIN,65206.0,72411,71719,BEARISH
4/9/2026,BITCOIN (BEARISH) Bitcoin Spot Price,BITCOIN,65296.0,72009,71373,BEARISH
4/10/2026,BITCOIN (BEARISH) Bitcoin Spot Price,BITCOIN,65306.0,73491,72196,BEARISH
4/13/2026,BITCOIN (BEARISH) Bitcoin Spot Price,BITCOIN,68003.0,73340,70750,BEARISH
4/14/2026,BITCOIN (NEUTRAL) Bitcoin Spot Price,BITCOIN,68609.0,75829,74402,NEUTRAL
4/15/2026,BITCOIN (BULLISH) Bitcoin Spot Price,BITCOIN,68609.0,75829,74242,BULLISH
4/16/2026,BITCOIN (BULLISH) Bitcoin Spot Price,BITCOIN,70007.0,76080,74335,BULLISH
4/17/2026,BITCOIN (BULLISH) Bitcoin Spot Price,BITCOIN,71174.0,76973,75308,BULLISH
4/20/2026,BITCOIN (BULLISH) Bitcoin Spot Price,BITCOIN,72201.0,78007,75096,BULLISH
4/21/2026,BITCOIN (BULLISH) Bitcoin Spot Price,BITCOIN,73178.0,77381,76372,BULLISH
4/22/2026,BITCOIN (BULLISH) Bitcoin Spot Price,BITCOIN,73899.0,78773,78095,BULLISH
4/23/2026,BITCOIN (BULLISH) Bitcoin Spot Price,BITCOIN,73911.0,78919,77663,BULLISH
4/24/2026,BITCOIN (BULLISH) Bitcoin Spot Price,BITCOIN,74092.0,79451,77798,BULLISH
4/27/2026,BITCOIN (BULLISH) Bitcoin Spot Price,BITCOIN,74381.0,80092,77962,BULLISH
4/28/2026,BITCOIN (BULLISH) Bitcoin Spot Price,BITCOIN,75107.0,79232,76490,BULLISH
4/29/2026,BITCOIN (BULLISH) Bitcoin Spot Price,BITCOIN,75909.0,80032,77721,BULLISH
4/30/2026,BITCOIN (BULLISH) Bitcoin Spot Price,BITCOIN,74798.0,79558,75447,BULLISH
5/1/2026,BITCOIN (BULLISH) Bitcoin Spot Price,BITCOIN,75407.0,79667,77401,BULLISH
5/4/2026,BITCOIN (BULLISH) Bitcoin Spot Price,BITCOIN,75905.0,80496,79884,BULLISH
5/5/2026,BITCOIN (BULLISH) Bitcoin Spot Price,BITCOIN,76294.0,81307,80844,BULLISH
5/6/2026,BITCOIN (BULLISH) Bitcoin Spot Price,BITCOIN,76666.0,82721,81948,BULLISH
5/7/2026,BITCOIN (BULLISH) Bitcoin Spot Price,BITCOIN,77007.0,82917,80611,BULLISH
5/8/2026,BITCOIN (BULLISH) Bitcoin Spot Price,BITCOIN,77060.0,82294,79800,BULLISH
5/11/2026,BITCOIN (BULLISH) Bitcoin Spot Price,BITCOIN,78662.0,82604,80930,BULLISH
5/12/2026,BITCOIN (BULLISH) Bitcoin Spot Price,BITCOIN,79311.0,82404,80992,BULLISH
05/13/2026,BITCOIN (BULLISH) Bitcoin Spot Price,BITCOIN,79713.0,82499.0,81144.0,BULLISH
05/14/2026,BITCOIN (BULLISH) Bitcoin Spot Price,BITCOIN,78907.0,82667.0,79384.0,BULLISH
05/15/2026,BITCOIN (BULLISH) Bitcoin Spot Price,BITCOIN,78608.0,82457.0,80764.0,BULLISH
05/18/2026,BITCOIN (BULLISH) Bitcoin Spot Price,BITCOIN,76006.0,83109.0,77000.0,BULLISH
05/19/2026,BITCOIN (BULLISH) Bitcoin Spot Price,BITCOIN,75637.0,82531.0,76795.0,BULLISH
05/20/2026,BITCOIN (BULLISH) Bitcoin Spot Price,BITCOIN,76282.0,81663.0,77329.0,BULLISH
05/21/2026,BITCOIN (BULLISH) Bitcoin Spot Price,BITCOIN,76307.0,81007.0,77804.0,BULLISH
05/22/2026,BITCOIN (NEUTRAL) Bitcoin Spot Price,BITCOIN,75306.0,80413.0,77555.0,NEUTRAL
05/26/2026,BITCOIN (NEUTRAL) Bitcoin Spot Price,BITCOIN,75501.0,78007.0,76548.0,NEUTRAL
05/27/2026,BITCOIN (BEARISH) Bitcoin Spot Price,BITCOIN,74936.0,77663.0,75400.0,BEARISH
05/28/2026,BITCOIN (BEARISH) Bitcoin Spot Price,BITCOIN,72606.0,77053.0,72864.0,BEARISH
05/29/2026,BITCOIN (BEARISH) Bitcoin Spot Price,BITCOIN,72620.0,76804.0,73278.0,BEARISH
06/01/2026,BITCOIN (BEARISH) Bitcoin Spot Price,BITCOIN,71502.0,76149.0,72993.0,BEARISH
06/02/2026,BITCOIN (BEARISH) Bitcoin Spot Price,BITCOIN,69630.0,75107.0,70890.0,BEARISH
06/03/2026,BITCOIN (BEARISH) Bitcoin Spot Price,BITCOIN,66004.0,74003.0,66840.0,BEARISH
06/04/2026,BITCOIN (BEARISH) Bitcoin Spot Price,BITCOIN,62404.0,70655.0,64258.0,BEARISH
06/05/2026,BITCOIN (BEARISH) Bitcoin Spot Price,BITCOIN,59806.0,69204.0,62761.0,BEARISH
06/08/2026,BITCOIN (BEARISH) Bitcoin Spot Price,BITCOIN,56991.0,66328.0,62746.0,BEARISH
06/09/2026,BITCOIN (BEARISH) Bitcoin Spot Price,BITCOIN,58008.0,65009.0,63387.0,BEARISH
06/10/2026,BITCOIN (BEARISH) Bitcoin Spot Price,BITCOIN,59212.0,65412.0,61447.0,BEARISH
06/11/2026,BITCOIN (BEARISH) Bitcoin Spot Price,BITCOIN,59276.0,64931.0,62565.0,BEARISH
06/12/2026,BITCOIN (BEARISH) Bitcoin Spot Price,BITCOIN,60008.0,64996.0,63767.0,BEARISH
06/15/2026,BITCOIN (BEARISH) Bitcoin Spot Price,BITCOIN,60800.0,66470.0,65754.0,BEARISH
06/16/2026,BITCOIN (BEARISH) Bitcoin Spot Price,BITCOIN,60408.0,67615.0,65998.0,BEARISH
06/17/2026,BITCOIN (BEARISH) Bitcoin Spot Price,BITCOIN,60776.0,67309.0,65809.0,BEARISH
06/18/2026,BITCOIN (BEARISH) Bitcoin Spot Price,BITCOIN,60611.0,66991.0,63935.0,BEARISH
06/22/2026,BITCOIN (BEARISH) Bitcoin Spot Price,BITCOIN,61191.0,66497.0,63879.0,BEARISH
06/23/2026,BITCOIN (BEARISH) Bitcoin Spot Price,BITCOIN,60911.0,65063.0,62864.0,BEARISH
06/24/2026,BITCOIN (BEARISH) Bitcoin Spot Price,BITCOIN,61001.0,65640.0,62684.0,BEARISH
06/25/2026,BITCOIN (BEARISH) Bitcoin Spot Price,BITCOIN,60565.0,65293.0,61539.0,BEARISH
06/26/2026,BITCOIN (BEARISH) Bitcoin Spot Price,BITCOIN,58138.0,62557.0,59806.0,BEARISH
06/29/2026,BITCOIN (BEARISH) Bitcoin Spot Price,BITCOIN,57667.0,62198.0,59820.0,BEARISH
06/30/2026,BITCOIN (BEARISH) Bitcoin Spot Price,BITCOIN,57403.0,62603.0,59530.0,BEARISH
07/01/2026,BITCOIN (BEARISH) Bitcoin Spot Price,BITCOIN,57554.0,62209.0,58870.0,BEARISH
